source,topic,top_keywords
combined,0,"parking, report, metropark, select, website, appeal, payment, pay, ticket, request, department, action, online, search, authorityid"
combined,1,"street, city, information, shelter, address, located, neighborhood, removal, shelters, kiryat, help, public, herzl, waste, evacuation"
combined,2,"building, information, construction, engineering, application, business, cityhall, planning, permit, complex, plan, municipality, renewal, licensing, city"
combined,3,"discount, property, square, tax, application, discounts, apartment, meters, income, senior, area, insurance, national, disabled, residential"
combined,4,"parking, permit, city, streets, residents, free, resident, vehicle, discount, white, blue, select, application, provides, area"
combined,5,"property, tax, payment, municipality, pay, payments, online, form, credit, taxes, bank, standing, account, direct, order"
combined,6,"park, garden, city, public, information, gardens, id, facilities, municipality, located, lighting, street, areas, publicgardens, area"
combined,7,"tender, tenders, municipality, education, submission, deadline, kindergarten, kindergartens, external, gan, information, details, municipal, date, special"
combined,8,"department, contact, phone, information, center, municipality, sunday, thursday, address, service, street, reception, pm, hours, floor"
combined,9,"information, municipal, services, help, water, city, traffic, municipality, street, provide, public, work, sorry, regarding, hello"
combined,10,"beach, independence, beaches, pm, city, events, information, day, sunset, hour, sironit, half, sanz, bathing, services"
combined,11,"contact, municipality, hotline, municipal, request, form, website, service, number, card, information, waste, resident, understand, department"
combined,12,"information, center, residents, centers, activities, senior, citizens, club, municipality, social, offers, services, courses, city, welfare"
combined,13,"pm, city, events, details, nis, class, tickets, purchase, place, held, classes, center, community, cost, information"
combined,14,"property, form, forms, process, tax, cityforms, code, tat, sug, nose, processoneclick, change, taboo, appbuilder, certificate"
combined,15,"registration, education, school, kindergarten, parents, student, form, placement, residents, documents, transfer, request, special, address, website"
