source,k,perplexity
user,4,966.6385520368448
user,5,995.3269688544327
user,6,1018.856799298463
user,7,1025.2542413328765
user,8,1112.036153102403
user,9,1058.6780181590304
user,10,1137.45296938567
user,11,1162.0285655188916
user,12,1116.6006520534784
user,13,1149.6889907538332
user,14,1180.4173805322962
user,15,1160.0927990885036
agent,4,791.3619145219415
agent,5,747.8034668665999
agent,6,726.7720654602904
agent,7,680.5775357884162
agent,8,631.9182204464919
agent,9,610.2852747399157
agent,10,584.9202123901883
agent,11,567.977727212379
agent,12,557.682609461799
agent,13,544.6109675773109
agent,14,536.5093186511538
agent,15,527.9466422770969
