source,k,perplexity,npmi_coherence
combined,1,1329.2915728485052,0.12070386045026381
combined,2,1017.0378757462886,0.15580754283625983
combined,3,945.2296575477362,0.16536408629380905
combined,4,842.9262067820684,0.23420515645155832
combined,5,769.6017650130946,0.24433361407123808
combined,6,723.0868130946108,0.22574836480708127
combined,7,697.0088325469302,0.23804134781468286
combined,8,669.3799313820313,0.2432730847298465
combined,9,661.5925504447324,0.23602447044028343
combined,10,629.7264548578689,0.2538545951185867
combined,11,620.6903624531685,0.23383100879326235
combined,12,608.9340602281486,0.23166695009142388
combined,13,598.8625637833983,0.23635696586113417
combined,14,582.4038367263515,0.24426436270488436
combined,15,581.2675039692402,0.23929975657548624
combined,16,557.0438924656773,0.28954837102487285
combined,17,543.0599114086947,0.2776513110081852
combined,18,537.7440772105836,0.2837790930111831
combined,19,531.9450720347492,0.2832758404053409
combined,20,528.9285948039513,0.27343460778908973
