conversation_id,CONTACT_INFO,DATE_TIME,DEPARTMENT,LAW_REGULATION,LOCATION,MONEY_FEE,PERMIT_DOC,PERSON,SERVICE_REQUEST
dfMessenger-0000bf60-6230-4787-b7f5-34958aaa9824,2,0,2,0,1,0,0,0,0
dfMessenger-00012ed0-bfcf-4e95-896e-224607e3b826,2,1,2,1,2,0,0,0,0
dfMessenger-0001582e-3d3a-464a-b81a-8fedc89be136,0,0,0,0,9,0,0,0,2
dfMessenger-00024918-df9c-4f26-9ca5-325bc09a5b07,1,5,1,0,13,0,0,0,0
dfMessenger-0009c305-ba97-44e9-a546-fcf30fd0b367,0,0,1,0,6,1,0,0,0
dfMessenger-000a309f-8ed5-4be2-a646-857e8a708e47,0,3,1,0,19,0,0,0,0
dfMessenger-000a7314-3d00-4f97-9eb7-132d02d8d224,1,0,1,0,0,0,0,0,0
dfMessenger-000d0f37-4e36-43c9-a73e-4bf0220b063b,0,0,0,0,1,0,0,0,1
dfMessenger-000d8fe9-5f16-4792-a829-f7bfb4654037,0,0,1,0,1,0,0,0,0
dfMessenger-000da99d-be24-482f-940f-083a1244722b,0,0,0,0,1,0,2,0,0
dfMessenger-000f0afd-5c75-40a8-9f9c-b833dd793593,0,0,0,0,1,1,0,0,3
dfMessenger-000fc943-d478-49c5-add8-8501f3e38db0,1,4,2,0,2,0,10,0,2
dfMessenger-00104c8e-0be0-4df1-97d9-4a20c54198d0,3,0,2,0,1,0,0,0,0
dfMessenger-0012e3b8-b140-4a2e-addf-08f9587ce4b4,2,0,0,1,0,0,0,0,2
dfMessenger-00134665-6a17-46fc-8252-98c1c890f28f,1,2,1,0,1,0,0,0,1
dfMessenger-0014f6c4-9ae4-4fbd-ba91-b626343b5b1a,1,2,1,0,3,0,0,0,2
dfMessenger-0015be35-e107-4c78-9581-5232aa2d1e3d,0,2,0,1,3,1,4,0,0
dfMessenger-00176ba1-713a-4428-9af1-3065dc35da53,1,3,3,0,1,0,0,0,0
dfMessenger-001bff84-cd88-4507-9c6c-858e011d66f4,1,2,1,2,0,0,0,0,5
dfMessenger-001eb8c9-eba2-48c0-909f-18ce5e6db22d,0,1,0,2,9,0,0,0,0
dfMessenger-001ed4ef-96b0-49c0-b976-9f65549f8e87,4,1,2,2,7,0,0,0,0
dfMessenger-0020a867-c006-4284-9b85-f46b586110ad,0,0,0,3,0,0,0,0,0
dfMessenger-00259d63-4cf4-4c62-8187-b34c1eb9ca66,20,3,5,3,22,0,0,2,0
dfMessenger-00272dd6-c069-419b-93aa-d7b3a9bde21b,0,0,1,2,0,2,1,0,0
dfMessenger-002aa520-cadd-4611-bf08-14db858a5002,6,7,4,2,6,4,5,0,0
dfMessenger-002d2974-54e3-4d78-9691-f062afc32c5b,1,0,2,0,3,0,0,0,0
dfMessenger-002e747b-c734-44fc-99d1-23efde11690c,2,2,1,0,2,0,0,0,0
dfMessenger-0030c3c2-d37e-4c4f-a51f-bcaa3603a3bb,1,2,2,0,15,0,0,0,0
dfMessenger-00316ab1-6a73-453f-95f2-f4f943b0a8d4,1,5,1,0,5,2,0,0,0
dfMessenger-00335880-f368-48a3-a35a-8d6b2db6328f,0,0,1,0,0,0,0,0,0
dfMessenger-0033f7cf-4a83-41aa-aa49-05c42b070004,2,2,1,0,2,0,0,0,0
dfMessenger-00341da5-72e1-423b-b2d2-da7c3a701d4d,1,0,1,1,0,0,0,0,4
dfMessenger-0035da38-3f6c-45ca-85df-e6a8d71a5d56,0,3,0,0,1,0,3,0,0
dfMessenger-0036547b-b503-4ec9-b283-c74cc0b9f703,0,0,0,0,0,0,2,0,1
dfMessenger-003b7d1c-287b-4505-a2c1-f8e63152ecda,0,2,0,0,0,1,1,0,0
dfMessenger-003f0b21-6269-4482-83fe-49250c307beb,0,0,0,0,0,0,2,0,0
dfMessenger-004087b1-7b45-48c7-9645-c82835cdf4aa,2,2,0,0,1,0,1,0,2
dfMessenger-0041bf87-4ff8-48e5-b495-76bda089f301,2,0,1,0,1,1,0,0,2
dfMessenger-00424000-9a32-459b-b2b9-0e0a2ba30c29,0,1,0,0,0,0,0,0,1
dfMessenger-0044392a-e86c-4f98-99ef-a2cb3f9fbf07,6,1,1,1,2,0,0,1,0
dfMessenger-00446d9a-6042-4767-a449-6d4ddffcb778,0,5,0,0,1,0,0,0,0
dfMessenger-00467694-9a73-41a8-8f1f-9b4856aa8370,0,2,1,1,11,0,0,0,0
dfMessenger-0047a4ac-c3c3-4acd-b78f-0d7eaaf1ef57,1,0,1,0,0,0,0,0,0
dfMessenger-0047d996-95ce-44db-bb38-db9791fedcdb,0,1,2,0,0,0,0,0,0
dfMessenger-004d956d-24f1-4b84-b2d8-c2e82c91b528,4,5,4,2,5,4,1,1,1
dfMessenger-004e7c30-0067-4d90-ad95-86317ca7da4b,1,0,1,0,0,0,0,0,1
dfMessenger-004e981e-443d-464b-85ab-6d10d0b82a45,0,0,0,0,2,0,0,0,0
dfMessenger-0053208c-488a-406a-be03-7cf66e471af4,2,8,5,0,2,0,1,0,0
dfMessenger-0056cccf-93f6-4a81-8752-2afb77dec632,0,0,3,1,1,0,0,0,0
dfMessenger-00579662-f923-40ca-a3ab-2904957deb2c,1,4,3,0,16,16,0,0,0
dfMessenger-005a31b7-ceb8-4a88-97b6-894aec1def5d,2,0,1,0,0,0,0,0,0
dfMessenger-005b0883-5947-45f4-9f88-cbb7c35cab17,0,1,0,0,9,0,5,0,0
dfMessenger-005b90c9-0a51-47a7-ae9c-cc6056c6dc5d,0,0,2,0,0,0,0,1,0
dfMessenger-005eecd9-6b34-4309-bd53-e0341cd01e3c,0,0,0,0,5,0,0,0,0
dfMessenger-005f6f6d-e8bc-4c76-b3f7-549dc8a599e2,0,1,4,2,0,0,0,0,0
dfMessenger-00613c95-5b16-45db-89e8-ea216e5e85aa,5,7,3,0,0,0,0,0,0
dfMessenger-0061910d-095f-405f-88f2-f7d32e3b96b0,0,0,0,0,2,0,0,0,0
dfMessenger-0064365b-4a8d-4b65-8679-a9cdd99298af,0,4,0,1,3,0,0,0,0
dfMessenger-00647c11-c059-4df0-802e-4cfb5b1a6181,0,2,0,1,0,3,0,0,0
dfMessenger-00648420-bc36-4a3c-8210-aa6ab1bb4ef6,0,9,0,0,6,0,0,0,0
dfMessenger-00679774-5ffd-4d37-9ba6-1f24cb1c3aa2,3,4,0,4,0,0,0,0,0
dfMessenger-0067ad2b-a757-4116-a2b1-f5fa16cd8585,1,4,0,2,17,0,0,0,0
dfMessenger-0068b430-749e-4961-8fe9-0d8ce7e0265b,0,0,0,0,0,0,0,1,0
dfMessenger-006a8bad-8fa5-432c-b7a0-6f394d4f8fe3,2,0,0,0,0,0,0,0,2
dfMessenger-006c869c-77ae-45e4-8180-1c6b176bfb4a,2,1,3,0,1,0,0,0,0
dfMessenger-006d6829-ca86-44a9-9b21-212ef506de71,0,0,1,0,0,0,1,0,0
dfMessenger-006e3059-c654-4f74-b707-fdf9c1fc3125,0,3,0,0,2,0,0,0,0
dfMessenger-00704df3-7eff-4ee7-a737-ec58ef36f7b5,3,2,1,0,2,0,0,0,0
dfMessenger-00719159-c93e-4aec-8866-854ea207027a,0,0,2,0,0,1,0,0,0
dfMessenger-0071b975-a0ec-4ffe-abef-d536d657520a,1,6,2,0,1,0,0,0,0
dfMessenger-0071e5ad-3618-438b-bd78-9ae0b8ff8bca,5,1,6,0,2,0,0,0,0
dfMessenger-007445e2-61ab-4b6c-aac7-01e7c1786785,0,19,0,0,10,8,0,36,0
dfMessenger-00750dc6-9783-4221-94de-edfa9e4360d4,1,5,1,0,2,0,0,0,0
dfMessenger-00750eed-fff1-43ba-a222-3a3df57c90d8,2,4,7,0,1,0,0,2,0
dfMessenger-0078ae57-97a1-4428-a780-5db4e047b2df,5,6,2,1,4,0,0,1,0
dfMessenger-0078e9d9-46a8-445c-83a9-06243b75c04f,4,2,4,0,3,0,0,0,0
dfMessenger-00790c05-ff26-43fb-b62a-585f4d2d1f98,0,0,0,0,3,0,0,0,0
dfMessenger-0079e71a-a1e6-49bc-8e7d-c58801f70c12,1,6,2,0,1,0,0,0,0
dfMessenger-007a23d3-bd1e-4101-8d16-8a9fff15769f,0,4,1,0,0,0,4,0,0
dfMessenger-007a8347-99ef-412e-a91f-c5c4546e072b,4,3,3,0,5,0,0,1,0
dfMessenger-007ae9ad-d4bc-4bfa-a0d6-9b72043771bb,0,4,1,0,1,0,0,0,0
dfMessenger-0081a2c1-373d-43d4-a95a-e15e3f65ad75,0,3,1,0,3,1,2,0,0
dfMessenger-00829fd8-0fec-4452-b82c-897733d653e7,0,0,1,0,0,0,0,0,0
dfMessenger-0084174d-10ba-455a-851e-424e5818e03e,2,2,3,0,2,0,0,0,0
dfMessenger-0084b873-25c1-41c6-a4c0-505d0f77d721,1,0,3,0,0,0,0,0,0
dfMessenger-00854b51-4be8-444a-940b-d4cb26dc41b5,1,0,1,0,0,0,0,0,1
dfMessenger-008bc4af-b950-4801-839c-1d5cf3aa87e0,0,1,0,0,0,0,0,0,1
dfMessenger-008c3cea-bea5-4b65-83bc-320b3b98de0c,3,4,3,0,3,0,0,1,0
dfMessenger-008ce8d8-9b75-4e40-8688-1cbcece358eb,0,1,1,0,0,0,0,0,0
dfMessenger-008cfa24-f600-45fe-ad0a-d6eaed5f0602,0,2,2,0,2,0,0,0,1
dfMessenger-008d5bd3-c4c7-46e5-9247-8742d557686c,0,0,0,0,4,0,0,0,0
dfMessenger-008f7bfe-14ff-495e-a717-5cf44b8926fc,3,6,4,0,5,0,0,4,0
dfMessenger-0091607e-748e-47a3-9b5e-c38add532f05,3,0,1,0,0,0,0,0,0
dfMessenger-0094c824-f35e-4f21-8904-3d2faed505b7,2,6,1,0,35,0,0,0,0
dfMessenger-00962c29-15c4-4c63-a216-98c2e1417c34,1,4,2,0,0,0,0,0,0
dfMessenger-00986f9e-7d31-4b15-b09d-3843152502fe,3,20,4,0,5,0,0,0,0
dfMessenger-00989372-774c-438f-b9cd-581ab49027b5,5,5,2,0,1,3,0,0,1
dfMessenger-0098c7a1-78c5-4c8b-8407-aaf614f27f23,4,5,2,0,4,0,1,0,0
dfMessenger-009b077b-23fc-41da-989d-2d2c18ac922f,0,6,0,0,6,0,0,0,0
dfMessenger-009e5b3d-973c-405d-bde4-9b0d1c4b9b51,4,3,3,0,4,0,1,1,0
dfMessenger-009eb088-b19b-4bea-a9b4-419fd2b81e73,19,22,9,0,3,4,0,6,2
dfMessenger-009f2969-8a9b-431b-8a92-f841939c8c1d,12,0,9,0,8,0,0,3,0
