label,entity_text,count
CONTACT_INFO,04-6961340,12
CONTACT_INFO,076-5300943,10
CONTACT_INFO,15398608609,7
CONTACT_INFO,09-8604400,6
CONTACT_INFO,09-8604427,5
CONTACT_INFO,03-9275810,4
CONTACT_INFO,09-8606514,4
CONTACT_INFO,106,4
CONTACT_INFO,052-6333106,3
CONTACT_INFO,09-8355518,3
CONTACT_INFO,09-8356844,3
CONTACT_INFO,09-8362896,3
CONTACT_INFO,09-8362899,3
CONTACT_INFO,09-8604400 ext. 3,3
CONTACT_INFO,09-8605865,3
CONTACT_INFO,09-8617963,3
CONTACT_INFO,09-8627101,3
CONTACT_INFO,09-9678111,3
CONTACT_INFO,09-9772879,3
CONTACT_INFO,doraz@n-ry.matnasim.co.il,3
CONTACT_INFO,rabin@netanya-gan.matnasim.co.il,3
CONTACT_INFO,tzahronimd@gmail.com,3
CONTACT_INFO,09-7490532,2
CONTACT_INFO,09-8352299,2
CONTACT_INFO,09-8362821,2
CONTACT_INFO,09-8603446,2
CONTACT_INFO,09-8603481,2
CONTACT_INFO,09-8603525,2
CONTACT_INFO,09-8605864/20,2
CONTACT_INFO,09-8606525,2
CONTACT_INFO,09-8606548,2
CONTACT_INFO,09-8872443,2
CONTACT_INFO,09-9665976,2
CONTACT_INFO,153-98606509,2
CONTACT_INFO,Hotline 106,2
CONTACT_INFO,yana@biltiformali.org.il,2
CONTACT_INFO,*6179,1
CONTACT_INFO,052-6055996,1
CONTACT_INFO,072-2755515,1
CONTACT_INFO,0732534282,1
CONTACT_INFO,09-7908086,1
CONTACT_INFO,09-8346847,1
CONTACT_INFO,09-83519200,1
CONTACT_INFO,09-8355849,1
CONTACT_INFO,09-8357904,1
CONTACT_INFO,09-8358573,1
CONTACT_INFO,09-8362824/3,1
CONTACT_INFO,09-8362834,1
CONTACT_INFO,09-8362843,1
CONTACT_INFO,09-8603112,1
CONTACT_INFO,09-8603287,1
CONTACT_INFO,09-8603306,1
CONTACT_INFO,09-8603320,1
CONTACT_INFO,09-8605822/3,1
CONTACT_INFO,09-8605832 / 09-8605834,1
CONTACT_INFO,09-8605864,1
CONTACT_INFO,09-8605864 /20,1
CONTACT_INFO,09-8605877,1
CONTACT_INFO,09-8605879,1
CONTACT_INFO,09-8605881,1
CONTACT_INFO,09-8607633,1
CONTACT_INFO,09-8607651,1
CONTACT_INFO,09-8608882,1
CONTACT_INFO,09-8608924,1
CONTACT_INFO,09-8608978,1
CONTACT_INFO,09-8609777,1
CONTACT_INFO,09-8622566,1
CONTACT_INFO,09-8622910,1
CONTACT_INFO,09-8800758,1
CONTACT_INFO,09-8820777,1
CONTACT_INFO,09-8850330,1
CONTACT_INFO,09-8870084,1
CONTACT_INFO,09-8873056,1
CONTACT_INFO,106 hotline,1
CONTACT_INFO,153-9-8603375,1
CONTACT_INFO,1800-20-20-84,1
CONTACT_INFO,4114012022,1
CONTACT_INFO,54657127,1
CONTACT_INFO,"Otzar HaHayal Bank, Branch 316, Account 5088",1
CONTACT_INFO,"P.O. Box 7031, Netanya, ZIP Code 42120",1
CONTACT_INFO,"P.O. Box 7031, Netanya, ZIP code 42120",1
CONTACT_INFO,WhatsApp,1
CONTACT_INFO,https://biltiformali.org.il/,1
CONTACT_INFO,https://www.cnnc.org.il,1
CONTACT_INFO,https://www.kontikisurfclub.co.il,1
CONTACT_INFO,kontikisurfclub@gmail.com,1
CONTACT_INFO,municipal hotline 106,1
CONTACT_INFO,payment code 00263,1
CONTACT_INFO,www.cityedu.co.il,1
CONTACT_INFO,www.matnasdn.co.il,1
CONTACT_INFO,www.matnasgan.org.il,1
DATE_TIME,Sunday-Thursday between 08:00-13:00,5
DATE_TIME,2025,4
DATE_TIME,30 days,4
DATE_TIME,90 days,4
DATE_TIME,between 5:00 PM and 11:00 PM,4
DATE_TIME,between 8:00 AM and 12:00 PM,4
DATE_TIME,"03.06.2025, 10.06.2025, 17.06.2025 and 24.06.2025 between 09:00-10:00",3
DATE_TIME,21 days,3
DATE_TIME,26.06.2025 between 17:30-18:45,3
DATE_TIME,"28.05.2025, 04.06.2025, 11.06.2025, 18.06.2025 and 25.06.2025 between 09:00-11:30",3
DATE_TIME,"28.05.2025, 04.06.2025, 11.06.2025, 18.06.2025 and 25.06.2025 between 11:30-12:30",3
DATE_TIME,"28.05.2025, 04.06.2025, 11.06.2025, 18.06.2025 and 25.06.2025 between 17:00-18:30",3
DATE_TIME,29.06.2025 between 14:30-21:00,3
DATE_TIME,August,3
DATE_TIME,January 2021,3
DATE_TIME,today,3
DATE_TIME,within 90 days of receiving the notice,3
DATE_TIME,20/8 Tuesday 18:30,2
DATE_TIME,20/8 Tuesday 21:00,2
DATE_TIME,2025 school year,2
DATE_TIME,30.01.2025 - 19.02.2025,2
DATE_TIME,5 business days,2
DATE_TIME,August 16 at 9:30 PM,2
DATE_TIME,"August 17, 19-22, 24",2
DATE_TIME,August 19 at 7:30 PM,2
DATE_TIME,August 19 at 8:00 PM,2
DATE_TIME,August 20-22,2
DATE_TIME,"February 20, 2025",2
DATE_TIME,Fridays and holiday eves from 8:00 AM to 12:00 PM,2
DATE_TIME,Mondays between 08:00-16:30,2
DATE_TIME,Passover,2
DATE_TIME,Sunday - Thursday between 08:00 - 13:00,2
DATE_TIME,Sunday-Thursday between 08:00-20:00,2
DATE_TIME,Sunday-Thursday between 08:30-14:00,2
DATE_TIME,Sunday-Thursday from 08:30-11:30,2
DATE_TIME,Sunday-Thursday from 8:00 AM to 1:00 PM,2
DATE_TIME,Sunday-Thursday from 8:00 AM to 8:00 PM,2
DATE_TIME,"Sunday-Thursday, 8:00 AM-4:00 PM",2
DATE_TIME,Sundays-Tuesdays-Thursdays between 08:00-15:30,2
DATE_TIME,"Tuesday, August 12",2
DATE_TIME,Wednesday also from 16:30-18:30,2
DATE_TIME,Wednesdays from 08:00-14:00,2
DATE_TIME,afternoons between 16:00-18:30,2
DATE_TIME,aged 5-6,2
DATE_TIME,one year,2
DATE_TIME,the 2nd or 28th of the month,2
DATE_TIME,two years,2
DATE_TIME,within 30 days of receiving the notice,2
DATE_TIME,01/30/2025,1
DATE_TIME,02/19/2025,1
DATE_TIME,05/29/2025,1
DATE_TIME,06:00-14:00,1
DATE_TIME,06:30 in the morning and half an hour before sunset,1
DATE_TIME,07/20/2025,1
DATE_TIME,08:30 until half an hour before sunset,1
DATE_TIME,09/25/2024,1
DATE_TIME,10 days,1
DATE_TIME,11.03.2025,1
DATE_TIME,11:00 PM,1
DATE_TIME,11:30-12:30,1
DATE_TIME,11:30-13:30,1
DATE_TIME,12/23/2024,1
DATE_TIME,12/23/2024 at 3:35 PM,1
DATE_TIME,12:00 PM,1
DATE_TIME,14 business days,1
DATE_TIME,"14.5, 15.5, 17.5",1
DATE_TIME,19.3.25,1
DATE_TIME,20 minutes,1
DATE_TIME,2003,1
DATE_TIME,2020 school year,1
DATE_TIME,2024,1
DATE_TIME,24 hours,1
DATE_TIME,24-hour,1
DATE_TIME,25-day,1
DATE_TIME,28.4.2025-7.5.2025,1
DATE_TIME,2:00 PM,1
DATE_TIME,3 months,1
DATE_TIME,30 working days,1
DATE_TIME,30.4.25,1
DATE_TIME,45-day,1
DATE_TIME,4:00 PM,1
DATE_TIME,5/13/2025,1
DATE_TIME,5/15/2025,1
DATE_TIME,5/19/2025,1
DATE_TIME,6:00,1
DATE_TIME,7:00 AM,1
DATE_TIME,8:30 AM to half an hour before sunset,1
DATE_TIME,90-day,1
DATE_TIME,"April 28, 2025",1
DATE_TIME,August 15,1
DATE_TIME,August 25,1
DATE_TIME,August 27,1
DATE_TIME,August 27-28,1
DATE_TIME,August 28,1
DATE_TIME,August 6-9,1
DATE_TIME,"December 31, 2025",1
DATE_TIME,"February 19, 2025",1
DATE_TIME,"February 22, 2025",1
DATE_TIME,Friday between 08:00-12:00,1
DATE_TIME,Fridays and holiday eves between 08:00-12:00,1
DATE_TIME,Fridays and holiday eves between 8:00-12:00,1
DATE_TIME,From 08:30 until half an hour before sunset,1
DATE_TIME,Independence Day,1
DATE_TIME,Independence Day 2025,1
DATE_TIME,"Independence Day, 1.5.25",1
DATE_TIME,"January 31, 2025",1
DATE_TIME,July 1 to 21,1
DATE_TIME,July 2024,1
DATE_TIME,"May 7, 2025",1
DATE_TIME,Monday and Tuesday from 11:30-13:30,1
DATE_TIME,Monday from 8:00 to 16:30,1
DATE_TIME,"Monday, June 2, 2025",1
DATE_TIME,"Monday, Wednesday, 12:00-15:00",1
DATE_TIME,Mondays,1
DATE_TIME,Mondays and Tuesdays,1
DATE_TIME,Mondays and Tuesdays between 11:30-13:30,1
DATE_TIME,Mondays between 12:00-16:00,1
DATE_TIME,Netanya 2025,1
DATE_TIME,"November 16, 2025",1
DATE_TIME,"November 16-20, 2025",1
DATE_TIME,"October 14, 2025",1
DATE_TIME,On Mondays and Wednesdays from 8:30 AM to half an hour before sunset,1
DATE_TIME,On Sundays and Tuesdays from 8:30 AM to half an hour before sunset,1
DATE_TIME,On Thursdays and Fridays from 8:30 AM to 12:00 PM,1
DATE_TIME,Passover Eve,1
DATE_TIME,Shavuot,1
DATE_TIME,Sukkot,1
DATE_TIME,Summer Events 2024,1
DATE_TIME,Sunday,1
DATE_TIME,Sunday through Saturday from 9:00 AM to 11:00 PM,1
DATE_TIME,Sunday through Wednesday from 10:00 AM to 2:00 PM,1
DATE_TIME,"Sunday, April 6, 2025",1
DATE_TIME,"Sunday, June 1, 2025",1
DATE_TIME,"Sunday, Tuesday, Thursday, 8:30-12:00",1
DATE_TIME,Sunday-Thursday between 08:00-16:00,1
DATE_TIME,Sunday-Thursday between 08:30-11:30,1
DATE_TIME,Sunday-Thursday between 8:00 AM and 1:00 PM,1
DATE_TIME,Sunday-Thursday between 8:00-20:00,1
DATE_TIME,"Sunday-Thursday, 7:30 AM-3:30 PM",1
DATE_TIME,"Sunday-Thursday, 8:00-13:00 and on Wednesday also 16:30-18:00",1
DATE_TIME,"Sunday-Thursday, 8:00-16:00",1
DATE_TIME,"Sunday-Thursday, 8:30 AM-3:30 PM",1
DATE_TIME,"Sunday-Thursday, 8:30-13:00, Tuesday also 16:00-18:00",1
DATE_TIME,"Sunday-Thursday, 8:30-19:00",1
DATE_TIME,"Sunday-Thursday, 9:00-16:00",1
DATE_TIME,"Sunday-Thursday, from 08:00 to 13:00",1
DATE_TIME,"Sunday-Thursday, from 8:00 AM to 1:00 PM",1
DATE_TIME,"Sunday-Thursday, from 9:00 AM to 3:00 PM",1
DATE_TIME,"Sunday-Tuesday-Thursday, 8:00-15:30, Monday 8:00-16:30 and Wednesday 8:00-14:00 and in the afternoon 16:00-18:30",1
DATE_TIME,"Sunday-Tuesday-Thursday, from 8:00 to 15:30",1
DATE_TIME,Sunday-Wednesday between 08:00-14:00,1
DATE_TIME,Sunday-Wednesday between 8:00-14:00,1
DATE_TIME,Thursday,1
DATE_TIME,"Thursday, May 1, 2025",1
DATE_TIME,Thursdays,1
DATE_TIME,Tuesday,1
DATE_TIME,Wednesday afternoon between 16:30-18:30,1
DATE_TIME,Wednesday also between 16:30-18:00,1
DATE_TIME,Wednesday also from 16:30 to 18:00,1
DATE_TIME,Wednesday between 16:30-18:00,1
DATE_TIME,Wednesday between 4:30 PM and 6:00 PM,1
DATE_TIME,Wednesday from 8:00 to 14:00,1
DATE_TIME,Wednesday-Thursday from 11:30-12:30,1
DATE_TIME,Wednesdays (excluding August) also between 16:30-18:00,1
DATE_TIME,Wednesdays (excluding August) from 4:30 PM to 6:00 PM,1
DATE_TIME,Wednesdays also between 16:30-18:00,1
DATE_TIME,Wednesdays also from 4:30 PM to 6:00 PM,1
DATE_TIME,Wednesdays and Thursdays between 11:30-12:30,1
DATE_TIME,Wednesdays between 08:30-11:30,1
DATE_TIME,Wednesdays from 4:30 PM to 6:00 PM,1
DATE_TIME,Wednesdays-Thursday,1
DATE_TIME,at least 12 months,1
DATE_TIME,at least once a year,1
DATE_TIME,before 1.1.1980,1
DATE_TIME,between 08:30 in the morning and half an hour before sunset,1
DATE_TIME,between 11:00 PM and 7:00 AM,1
DATE_TIME,between 11:30 and 12:30,1
DATE_TIME,between 12:00 PM and 7:00 AM,1
DATE_TIME,between 2:00 PM and 4:00 PM,1
DATE_TIME,between 3:00 PM and 6:00 PM,1
DATE_TIME,between 7:30 PM and 10:00 PM,1
DATE_TIME,end of February,1
DATE_TIME,every Wednesday at 8:00 PM,1
DATE_TIME,from 06:30,1
DATE_TIME,from 16:00 to 18:30,1
DATE_TIME,from 4:00 PM to 7:00 PM,1
DATE_TIME,in a week,1
DATE_TIME,in the evening,1
DATE_TIME,on Wednesday between 16:30 - 18:00,1
DATE_TIME,over the age of 75,1
DATE_TIME,the 2nd or 28th of each month,1
DATE_TIME,three years,1
DATE_TIME,two weeks,1
DATE_TIME,until 11:00 p.m.,1
DATE_TIME,within 30 days,1
DATE_TIME,within 90 days,1
DATE_TIME,yesterday on 3/19/25,1
DEPARTMENT,Netanya Municipality,39
DEPARTMENT,Resident Service Center,7
DEPARTMENT,Revenue Division,7
DEPARTMENT,Parking Collection Department,4
DEPARTMENT,Revenue Department,4
DEPARTMENT,Business Licensing Customer Service Department,3
DEPARTMENT,Central-North Community Center Network,3
DEPARTMENT,East Netanya Community Center,3
DEPARTMENT,Kindergarten Registration Department,3
DEPARTMENT,Metropark,3
DEPARTMENT,Construction Fees and Levy Department,2
DEPARTMENT,Leisure and Community Network of Community Centers in South Netanya,2
DEPARTMENT,Maga'ar Company,2
DEPARTMENT,Ministry of Health,2
DEPARTMENT,Standing Order Department at the Netanya Municipality,2
DEPARTMENT,Standing Orders Department,2
DEPARTMENT,Student Registration Department,2
DEPARTMENT,The Association for Informal Education,2
DEPARTMENT,Trial Selection Department,2
DEPARTMENT,insurance department,2
DEPARTMENT,"""Netanya Water""",1
DEPARTMENT,Abandoned Vehicles Department,1
DEPARTMENT,Appeals Committee,1
DEPARTMENT,Association for Informal Education,1
DEPARTMENT,Bar Ilan Studio,1
DEPARTMENT,Bar Ilan Studios,1
DEPARTMENT,Beaches Department,1
DEPARTMENT,Bnei Akiva Yad Avraham Yeshiva School,1
DEPARTMENT,"Bnei Akiva Yeshiva ""Yad Avraham""",1
DEPARTMENT,"Business Licensing, Tenders and Signage Department",1
DEPARTMENT,"Business Licensing, Tenders and Signage Division",1
DEPARTMENT,Camera Department,1
DEPARTMENT,City Cleaning Department,1
DEPARTMENT,Commissioner of Fire and Rescue for Israel,1
DEPARTMENT,"Department for after-school and summer camps - ""Moments"" Association for Informal Education",1
DEPARTMENT,Direct Deposit Department,1
DEPARTMENT,Discounts Committee,1
DEPARTMENT,Education Department,1
DEPARTMENT,Eligibility and Characterization Committee,1
DEPARTMENT,Enforcement Supervision Department,1
DEPARTMENT,Enforcement and Parking Department,1
DEPARTMENT,Environmental Education Department,1
DEPARTMENT,Environmental Quality Division,1
DEPARTMENT,Ficus Kindergarten,1
DEPARTMENT,Fire Department,1
DEPARTMENT,Garbage Removal Department,1
DEPARTMENT,Gaza Division,1
DEPARTMENT,Ginsburg Early Childhood Center,1
DEPARTMENT,Improvement Department,1
DEPARTMENT,Israel Post,1
DEPARTMENT,Judicial Selection Department,1
DEPARTMENT,Kindergarten Department,1
DEPARTMENT,Land Registry,1
DEPARTMENT,Leisure and Community Network of Community Centers in South Netanya (AR),1
DEPARTMENT,Ministry of Education,1
DEPARTMENT,Ministry of Finance,1
DEPARTMENT,Ministry of the Interior,1
DEPARTMENT,Municipal Authority for Combating Drug and Alcohol Violence,1
DEPARTMENT,Municipal Supervision Division,1
DEPARTMENT,National Insurance,1
DEPARTMENT,National Insurance Institute,1
DEPARTMENT,Netanya Municipality Business Department,1
DEPARTMENT,Netanya Municipality Parking Collection Department,1
DEPARTMENT,North Center Welfare Office,1
DEPARTMENT,Or Yehuda Municipality,1
DEPARTMENT,Parking and Inspection Department,1
DEPARTMENT,Poleg Community Center - Ir Yamim,1
DEPARTMENT,Postal Bank,1
DEPARTMENT,Revenue Department of the Netanya Municipality,1
DEPARTMENT,Secondary Education Division,1
DEPARTMENT,Signage Department,1
DEPARTMENT,Special Education Division,1
DEPARTMENT,Spokesperson's Department,1
DEPARTMENT,Suppliers Department,1
DEPARTMENT,The Beaches Department,1
DEPARTMENT,The Supervision and Parking Department,1
DEPARTMENT,Traffic Committee Department,1
DEPARTMENT,Transfer Committee,1
DEPARTMENT,Unit for the Care of People with Disabilities and Their Families,1
DEPARTMENT,Waste Removal Department,1
DEPARTMENT,Welfare Office Team Center,1
DEPARTMENT,Welfare Office Team North,1
DEPARTMENT,kindergarten department,1
DEPARTMENT,sports department,1
LAW_REGULATION,Netanya Municipality,5
LAW_REGULATION,Metropark,3
LAW_REGULATION,Freedom of Information Law,2
LAW_REGULATION,Ministry of Health,2
LAW_REGULATION,Privacy Protection Law,2
LAW_REGULATION,"""Nitzanim""",1
LAW_REGULATION,Banks' Charter Program,1
LAW_REGULATION,Commissioner's Order prohibiting Lighting fires,1
LAW_REGULATION,"Disabled (Benefits and Rehabilitation) Law, 5779-1959",1
LAW_REGULATION,Freedom of Information Act,1
LAW_REGULATION,Kontik Surf Club,1
LAW_REGULATION,Ministry of Education,1
LAW_REGULATION,Ministry of Environmental Protection,1
LAW_REGULATION,Ministry of Transport and Road Safety,1
LAW_REGULATION,Municipal By-Law,1
LAW_REGULATION,"National Insurance Regulations (Disabled Child), 5775-2010",1
LAW_REGULATION,Netanya By-Law (Parking and Parking of Vehicles) 1965,1
LAW_REGULATION,Netanya Parking and Parking Bylaw,1
LAW_REGULATION,Netanya Water Corporation,1
LAW_REGULATION,Non-Formal Education Association,1
LAW_REGULATION,Offense number 1,1
LAW_REGULATION,Pango,1
LAW_REGULATION,Pango/Salopark,1
LAW_REGULATION,Sellopark,1
LAW_REGULATION,Special Education Law,1
LAW_REGULATION,crime report 1,1
LAW_REGULATION,municipal parking bylaw,1
LOCATION,Netanya,26
LOCATION,Netanya Municipality,11
LOCATION,Neot Ganim,5
LOCATION,Poleg Beach,5
LOCATION,Jabotinsky Street,4
LOCATION,Kiryat Hasharon,4
LOCATION,Max Nordau Street,4
LOCATION,"Pinsker 18, Beit Capital, 2nd floor, room 202, Netanya",4
LOCATION,Ramat Poleg,4
LOCATION,Sanz Beach,4
LOCATION,"Hatzoran 4A, 2nd floor, entrance 7, Sapir Business and Technology Park, Netanya",3
LOCATION,Herzl Street,3
LOCATION,King David 1,3
LOCATION,King Solomon 30,3
LOCATION,Neot Herzl,3
LOCATION,"P.O. Box 7031, Netanya, ZIP code 42120",3
LOCATION,Sironit Beach,3
LOCATION,Sironit Beach A,3
LOCATION,"2 Hatzoran Street, 1st floor, Netanya",2
LOCATION,"22 Weizman Street, 4th floor, Netanya",2
LOCATION,"29 HaZmir Street, Netanya",2
LOCATION,47 Herzl,2
LOCATION,"6 HaTzareet Street, 3rd floor",2
LOCATION,"6 Hatzoran Street, 1st floor, Poleg Industrial Zone, Netanya",2
LOCATION,"6 Hatzoran Street, Poleg Industrial Zone, Netanya",2
LOCATION,Agamim,2
LOCATION,Argaman Lagoon Beach,2
LOCATION,Blue Bay Beach,2
LOCATION,District 3,2
LOCATION,Galei Yam,2
LOCATION,Hadera,2
LOCATION,"Hatzoran 4 A, 2nd floor, entrance 7, Sapir Business and Technology Park, Netanya",2
LOCATION,"Heikhal Hatarbut, 4 Raziel St., Netanya",2
LOCATION,Herzl Beach,2
LOCATION,Ir Yamim,2
LOCATION,Kiryat Eliezer Industrial Zone,2
LOCATION,Kiryat Nordau,2
LOCATION,Kiryat Sapir Industrial Zone,2
LOCATION,Levontin Street,2
LOCATION,Meaning House in Ramat Poleg,2
LOCATION,Mesila Public Park,2
LOCATION,"Municipal Culture Hall Auditorium, Raziel 4, Netanya",2
LOCATION,Neve Itamar,2
LOCATION,"New Independence Square, Herzl 1, Netanya",2
LOCATION,"P.O. Box 7031, Netanya, ZIP 42120",2
LOCATION,"PO Box 7031, Netanya, ZIP 42120",2
LOCATION,"Planatanya, Chauna Sugihara 1, Netanya",2
LOCATION,Sironit A Beach,2
LOCATION,Sironit Beach B,2
LOCATION,Sportek Ir Yamim (after the tennis complex),2
LOCATION,Winter Lake Park,2
LOCATION,Winter Puddle Park,2
LOCATION,"""Habustan""",1
LOCATION,"""Keshet""",1
LOCATION,"""Sefi Rivlin"" Cultural Center in Kiryat Hasharon",1
LOCATION,"""Standing Orders Department, Revenue Division, Netanya Municipality"", 4 A Hatzoran Street, 2nd floor, Entrance 7, Sapir Business and Technology Park, Netanya, 42506",1
LOCATION,"1-5, 2-4 Ussishkin St.",1
LOCATION,"10 Yair Stern Street, Netanya",1
LOCATION,"12 Tchernichovsky Street, 1st floor, Netanya",1
LOCATION,"12 Tchernichovsky Street, Netanya",1
LOCATION,"2 Hatzoran Street, 1st floor",1
LOCATION,"24 Abba Hillel Silver Street, Netanya",1
LOCATION,25-31 Herzl St.,1
LOCATION,28-36 Herzl St.,1
LOCATION,32 HaGefen Street,1
LOCATION,32 Hefen Street,1
LOCATION,32 Kaplan Street,1
LOCATION,32 Ovadia Avraham HaCohen Street,1
LOCATION,"4 A Hatzoran Street, 2nd floor, Entrance 7, Sapir Business and Technology Park, Netanya, 42506",1
LOCATION,"4 HaTzoran, Elevator 7, 2nd floor, Poleg Industrial Zone, Netanya",1
LOCATION,"4 Hatzoran St., 2nd floor, Entrance 7, Poleg Industrial Zone, Netanya",1
LOCATION,"4 Hatzoran Street, 2nd floor",1
LOCATION,"4 Hatzoran Street, Entrance 7, 2nd Floor, Poleg Industrial Zone, Netanya",1
LOCATION,"4 Hatzoran Street, Entrance 7, 2nd floor, Poleg Industrial Zone, Netanya",1
LOCATION,"5 McDonald Street, Netanya",1
LOCATION,60 Tom Lantos Blvd.,1
LOCATION,76-82 Petah Tikva Blvd.,1
LOCATION,"8 Tel Hai Street, Netanya",1
LOCATION,9 Achimeir St.,1
LOCATION,"Achimeir 9, Netanya",1
LOCATION,"Aharonson, Geva and Binyamin Boulevards",1
LOCATION,Alexandroni Park,1
LOCATION,Alkalai Grove,1
LOCATION,Alkalai Street,1
LOCATION,Amalia,1
LOCATION,Amnon and Tamar Street,1
LOCATION,Amnon and Tamar Streets,1
LOCATION,Amphi Beach,1
LOCATION,Arki Lavie 18,1
LOCATION,Ben Gurion Street,1
LOCATION,Ben Zion,1
LOCATION,Ben Zvi,1
LOCATION,Ben Zvi Boulevard,1
LOCATION,Bialik,1
LOCATION,Bird Garden,1
LOCATION,Block 8569,1
LOCATION,Blue Axis Public Garden,1
LOCATION,Blue Lagoon,1
LOCATION,Bo Gurion,1
LOCATION,Briga Street,1
LOCATION,Complex 102,1
LOCATION,Complex 3,1
LOCATION,David Pinkas Street,1
LOCATION,Dizengoff-Herzl St.,1
LOCATION,Dora,1
LOCATION,East Netanya registration area,1
LOCATION,Ein Tekhelet,1
LOCATION,Emmanuel,1
LOCATION,Feldman House parking lot,1
LOCATION,Gali Yam,1
LOCATION,Gan Meitarim,1
LOCATION,Gan Mesilot,1
LOCATION,Gan Mithrim,1
LOCATION,Gan Peleg,1
LOCATION,Ganei Meir,1
LOCATION,Geva,1
LOCATION,Geva 57,1
LOCATION,Ghavish Street,1
LOCATION,Giborei Israel Street 7,1
LOCATION,Givat Eirosim,1
LOCATION,Givat Hayrosim,1
LOCATION,Givat Irosim,1
LOCATION,Givat Irosim Community Center,1
LOCATION,Government City Hall,1
LOCATION,Gusta (Kiryat Hasharon),1
LOCATION,Ha'Oon Beach,1
LOCATION,Ha'Oun Beach,1
LOCATION,Ha'at Hayrok,1
LOCATION,Habonim and Melacha Streets,1
LOCATION,Habonim and Melakha streets,1
LOCATION,Haim Tzadok Street,1
LOCATION,Hativat Alexandroni Street,1
LOCATION,"Hatzoran 4 A, 2nd floor, Entrance 7, Sapir Business and Technology Park, Netanya",1
LOCATION,"Hatzoran 4A, 2nd floor, Entrance 7, Sapir Business and Technology Park, Netanya",1
LOCATION,Hatzoran Street,1
LOCATION,"Hatzran 6, 2nd floor, Poleg Industrial Area, Netanya",1
LOCATION,Heftziba Grove,1
LOCATION,Heftziba neighborhood,1
LOCATION,Heroes Garden,1
LOCATION,Hihaloman Abrams Street,1
LOCATION,House of Meaning in Ramat Poleg,1
LOCATION,Ilan Ramon School,1
LOCATION,Independence Square,1
LOCATION,Jabotinsky,1
LOCATION,King David,1
LOCATION,Kiryat Eliezer,1
LOCATION,"Kiryat Hasharon Community Center, 31 Lantos Blvd.",1
LOCATION,Kiryat Rabin,1
LOCATION,Kiryat Sanz,1
LOCATION,Kiryat Sapir,1
LOCATION,Kontiki Beach,1
LOCATION,Lebontin Zalman 27/Petah Tikva 44,1
LOCATION,Lebontin Zalman 29/Petah Tikva 46,1
LOCATION,Lebontin Zalman 31/Aryeh Ben Eliezer 2,1
LOCATION,Levontin Zalman 11/Petah Tikva 28,1
LOCATION,Levontin Zalman 13,1
LOCATION,Levontin Zalman 15,1
LOCATION,Levontin Zalman 17,1
LOCATION,Levontin Zalman 21/Petah Tikva 38,1
LOCATION,Levontin Zalman 23/Petah Tikva 40,1
LOCATION,Levontin Zalman 5,1
LOCATION,Levontin Zalman 7/Petah Tikva 24,1
LOCATION,Levontin Zalman 9/Petah Tikva 26,1
LOCATION,McDonald's,1
LOCATION,Mechans neighborhood,1
LOCATION,Mesilot Public Park,1
LOCATION,Mishkenot Zevulun,1
LOCATION,Narcissus Garden,1
LOCATION,Neot Golda,1
LOCATION,Neot Menachem Begin,1
LOCATION,Neot Shaked,1
LOCATION,Netanya Market,1
LOCATION,Neve Oz,1
LOCATION,Neve Shalom,1
LOCATION,Nissenbaum Street,1
LOCATION,Nissenbaum Yitzhak 19,1
LOCATION,Nof Hataylet,1
LOCATION,North city,1
LOCATION,Omer,1
LOCATION,Oscar Schindler Street,1
LOCATION,Oskar Schindler Street,1
LOCATION,Ovadia Garden,1
LOCATION,Ovadia Street,1
LOCATION,"P.O. Box 7031, Netanya, ZIP Code 42120",1
LOCATION,"PO Box 7031, Netanya, ZIP Code 42120",1
LOCATION,"PO Box 7031, Netanya, ZIP code 42120",1
LOCATION,Pardes Hagdod,1
LOCATION,Peleg Hesh Tzaharon,1
LOCATION,Petah Tikva Blvd.,1
LOCATION,Poleg,1
LOCATION,Poleg Heights,1
LOCATION,Poleg Ir Yamim Community Center,1
LOCATION,Rabbi Rat Meshulam,1
LOCATION,Rabbi Rat Meshulam Street,1
LOCATION,Ramat Ephraim,1
LOCATION,Ramat Hen,1
LOCATION,Ramat Yadin,1
LOCATION,Renewed Trails Park,1
LOCATION,"Resident Service Center at 2 Hatzoran Street, 1st floor",1
LOCATION,Riga,1
LOCATION,Sapir Business and Technology Park,1
LOCATION,Sha'ar Ha'ir,1
LOCATION,Shaked Promenade,1
LOCATION,Sironit,1
LOCATION,Sironit B Beach,1
LOCATION,Solomon,1
LOCATION,Tchernichovsky 12,1
LOCATION,"Tchernichovsky 12, entrance floor, Netanya",1
LOCATION,Tel Aviv District,1
LOCATION,Tobruk,1
LOCATION,Tobruk Field (Abrahams Diamond),1
LOCATION,Tobruk Public Park,1
LOCATION,Tobruk Sports Field (Ben Gurion Opposite 11),1
LOCATION,Tobruk field,1
LOCATION,Tobruk neighborhood,1
LOCATION,Train Station,1
LOCATION,"Weizman 22, 4th floor, Netanya",1
LOCATION,"Weizmann 22, 4th floor, Business Licensing, Tenders and Signage Division",1
LOCATION,Winter Puddle Public Park,1
LOCATION,Yehuda Hanasi,1
LOCATION,Yitzhak Ben Hanan Street,1
LOCATION,all beaches and promenades,1
LOCATION,industrial areas,1
LOCATION,public gardens,1
LOCATION,the Caravan Site,1
LOCATION,the Irises Reserve,1
LOCATION,the Kfar Netter Sands,1
LOCATION,the Oak Grove,1
LOCATION,the Sculpture Garden,1
LOCATION,the Victory Monument,1
LOCATION,the intersection of Habonim and Melacha streets,1
LOCATION,"the memorial complex at the ""Yad Labanim"" house",1
LOCATION,the new Independence Square,1
MONEY_FEE,20 NIS,4
MONEY_FEE,"NIS 1,000",4
MONEY_FEE,55 NIS,3
MONEY_FEE,60 NIS,3
MONEY_FEE,10 NIS,2
MONEY_FEE,189 NIS,2
MONEY_FEE,25 NIS,2
MONEY_FEE,300 NIS,2
MONEY_FEE,40.39 NIS,2
MONEY_FEE,50 NIS,2
MONEY_FEE,80 NIS,2
MONEY_FEE,parking ticket,2
MONEY_FEE,0.2 NIS,1
MONEY_FEE,106.72 NIS,1
MONEY_FEE,150 NIS,1
MONEY_FEE,2.5 NIS,1
MONEY_FEE,23 NIS,1
MONEY_FEE,30 NIS per hour,1
MONEY_FEE,44.21 NIS,1
MONEY_FEE,46.95 NIS,1
MONEY_FEE,47.88 NIS,1
MONEY_FEE,50% discount,1
MONEY_FEE,50% discount on parking fees,1
MONEY_FEE,50.68 NIS,1
MONEY_FEE,55.25 NIS,1
MONEY_FEE,55.54 NIS,1
MONEY_FEE,60.64 NIS,1
MONEY_FEE,64.46 NIS,1
MONEY_FEE,67.05 NIS,1
MONEY_FEE,77.17 NIS,1
MONEY_FEE,77.96 NIS,1
MONEY_FEE,87.07 NIS,1
MONEY_FEE,93.33 NIS,1
MONEY_FEE,pay,1
MONEY_FEE,property tax discount,1
PERMIT_DOC,building permit,5
PERMIT_DOC,Plan No. 542/A,3
PERMIT_DOC,Affidavit form for residential address in Netanya,2
PERMIT_DOC,Block 8569,2
PERMIT_DOC,parking permit,2
PERMIT_DOC,"""gold permit""",1
PERMIT_DOC,1824,1
PERMIT_DOC,36/25,1
PERMIT_DOC,Affidavit of residence,1
PERMIT_DOC,Appeal form to the municipal prosecutor about a parking report,1
PERMIT_DOC,Application for a resident card,1
PERMIT_DOC,Citywide parking permit,1
PERMIT_DOC,Copy of property tax bill,1
PERMIT_DOC,Discount Application Form,1
PERMIT_DOC,External tender No. 1048/25,1
PERMIT_DOC,External tender No. 1056/25,1
PERMIT_DOC,External tender No. 1066/25,1
PERMIT_DOC,Foreign study permit,1
PERMIT_DOC,Internal tender No. 65/25,1
PERMIT_DOC,Join a Direct Bank Order,1
PERMIT_DOC,N/542/A,1
PERMIT_DOC,Nat542 Complex 3,1
PERMIT_DOC,Netanya resident,1
PERMIT_DOC,No. 30-060-56,1
PERMIT_DOC,Notification of leaving a property - Residential property tax,1
PERMIT_DOC,Photocopy of ID card,1
PERMIT_DOC,Photocopy of rental agreement,1
PERMIT_DOC,Property Notice - Business property tax,1
PERMIT_DOC,Regional parking permit (resident),1
PERMIT_DOC,Senior Citizen Permit,1
PERMIT_DOC,Senior Citizen Permit (75+),1
PERMIT_DOC,Valid passport,1
PERMIT_DOC,affidavit of residence,1
PERMIT_DOC,approval for external studies,1
PERMIT_DOC,copy of the property tax bill,1
PERMIT_DOC,parking ticket,1
PERMIT_DOC,public tender 18/24,1
PERMIT_DOC,regional parking permit,1
PERSON,Rami Davidian,3
PERSON,Arik Einstein,2
PERSON,Avi Avoromi,2
PERSON,Avner Gadassi,2
PERSON,Bracha Cohen,2
PERSON,Dafna Dekel,2
PERSON,Danny Robs,2
PERSON,Diana Golby,2
PERSON,Duda Gang,2
PERSON,Dvir Stern,2
PERSON,Eli Gorenstein,2
PERSON,Eliad Nachum,2
PERSON,May Meller,2
PERSON,Mor Rabi,2
PERSON,Oral Tzabari,2
PERSON,Ovadia Ben Shalom,2
PERSON,Ruhama Raz,2
PERSON,Sarit Hadad,2
PERSON,Shmuel Levi,2
PERSON,Zion Golan,2
PERSON,Chen Hanoch,1
PERSON,Ilana Cohen,1
PERSON,Itay Yakar,1
PERSON,Joe,1
PERSON,Linoy Machloff,1
PERSON,Lydia Talbi,1
PERSON,Motti Meller,1
PERSON,Naftali Kaikov,1
PERSON,Naomi,1
PERSON,Noha,1
PERSON,Nurit Fischer,1
PERSON,Orly Biton,1
PERSON,Orly Hakimi,1
PERSON,Orna Peretz,1
PERSON,Samuel Levi,1
PERSON,Shelly Daniel,1
PERSON,Sigal Shambiro,1
PERSON,Tal Gratzovsky,1
PERSON,Toyota,1
PERSON,Ural Tsabari,1
SERVICE_REQUEST,Metropark website,3
SERVICE_REQUEST,property tax,2
SERVICE_REQUEST,"""Ad HaBayt"" bus",1
SERVICE_REQUEST,"""Netanya to Home"" bus",1
SERVICE_REQUEST,"""School and Kindergartens of the Great Vacation""",1
SERVICE_REQUEST,151912,1
SERVICE_REQUEST,Appeal a parking ticket,1
SERVICE_REQUEST,Checking the balance of the property tax account,1
SERVICE_REQUEST,Great Holiday Mini-Tour,1
SERVICE_REQUEST,Metropark,1
SERVICE_REQUEST,Netanya Resident Card,1
SERVICE_REQUEST,Netanya resident,1
SERVICE_REQUEST,No. 151912,1
SERVICE_REQUEST,Pango,1
SERVICE_REQUEST,Parking ticket payment,1
SERVICE_REQUEST,Payment for services and kindergarten fees,1
SERVICE_REQUEST,Registration for the Ficus Garden in Netanya,1
SERVICE_REQUEST,Request for allocation of a general disabled parking space,1
SERVICE_REQUEST,Request for allocation/renewal of a personal parking space for a disabled vehicle,1
SERVICE_REQUEST,Request for prohibition of parking at the entrance to a private parking lot,1
SERVICE_REQUEST,Request to the Traffic Committee for marking and/or placing a sign,1
SERVICE_REQUEST,Residential/Business Property Tax Bill Payment,1
SERVICE_REQUEST,Shelter No. 42,1
SERVICE_REQUEST,Shelter No. 48,1
SERVICE_REQUEST,Transfer property taxes to my name as a landlord,1
SERVICE_REQUEST,camera No. 300,1
SERVICE_REQUEST,disabled parking markings,1
SERVICE_REQUEST,hourly Pango,1
SERVICE_REQUEST,monthly Pango,1
SERVICE_REQUEST,parking report,1
SERVICE_REQUEST,parking tickets,1
SERVICE_REQUEST,payment request for a report,1
SERVICE_REQUEST,property tax bills,1
SERVICE_REQUEST,reduce the interest I have on my statements,1
SERVICE_REQUEST,remove my name from my previous address,1
