dominant_topic_name,CONTACT_INFO,DATE_TIME,DEPARTMENT,LAW_REGULATION,LOCATION,MONEY_FEE,PERMIT_DOC,PERSON,SERVICE_REQUEST
Beach & events,3,15,4,2,35,0,0,0,0
Building permit + business licensing,7,12,7,2,32,20,12,0,0
Contact / department info,23,6,23,0,14,0,0,3,0
Events & community classes,19,47,9,0,19,12,0,42,2
General municipal services,6,25,8,7,32,4,1,1,1
Hotline & resident services,18,6,7,1,7,4,0,2,6
Parking permit (resident),2,12,4,3,15,4,8,0,5
Parking ticket / appeal,37,30,21,9,16,2,3,1,10
Parks & gardens,0,18,3,2,39,0,0,0,0
Property tax discount (senior/disabled),0,5,4,3,0,4,1,0,0
Property tax forms,1,5,4,0,2,1,12,0,4
Property tax payment,18,46,29,0,18,1,1,2,6
School & kindergarten registration,26,14,17,5,31,0,2,3,2
Senior citizens & welfare,8,4,5,2,12,0,0,1,0
"Street, shelter, waste",9,16,10,0,69,0,1,5,2
Tenders & procurement,0,8,5,0,3,1,6,1,0